Workbook

Sheet README
A1: VERTICAL STUDIO — PRODUCTION BUDGET
A3: Sheets:
A4: Inputs | B4: All adjustable assumptions in blue. Edit only here. The rest of the model recalculates.
A5: PerEpisode | B5: Cost build per single episode by series. Inputs flow here as formulas (green).
A6: Weekly | B6: Weekly 8-episode plan with budget approval line. Owner approves the yellow cell.
A7: Monthly | B7: Three rolling scenarios (base, scale, kill-low) with monthly run-rate.
A8: Scenarios | B8: What-if: token-price up 50%, Sora down, voiceover x2 quality.
A9: KPIs | B9: Day-30, Day-60, Day-90 targets and computed cost per 1k views.
A12: Color code:
A13: Blue text | B13: Hardcoded input — edit these
A14: Black text | B14: Formula or calculation
A15: Green text | B15: Link from another sheet
A16: Yellow fill | B16: Approval gate — owner reviews

Sheet Inputs
A1: # | B1: Driver | C1: Value | D1: Unit | E1: Note
B2: API & token costs
A3: 2 | B3: Claude Sonnet input $ / 1M tokens | C3: 3 | D3: USD | E3: May 2026 published price
A4: 3 | B4: Claude Sonnet output $ / 1M tokens | C4: 15 | D4: USD
A5: 4 | B5: Claude Haiku input $ / 1M tokens | C5: 0.8 | D5: USD | E5: Used for cheap copy + trend summaries
A6: 5 | B6: Claude Haiku output $ / 1M tokens | C6: 4 | D6: USD
A7: 6 | B7: Avg tokens IN per episode-script call | C7: 4000 | D7: tok | E7: System prompt + bible + last ep + trend feed
A8: 7 | B8: Avg tokens OUT per episode-script call | C8: 1500 | D8: tok | E8: Script + prompts + captions
A9: 8 | B9: Per-episode Haiku tokens (IN+OUT) | C9: 3000 | D9: tok | E9: Trend summary, hashtags, comment seeds
A10: 9 | B10: ElevenLabs Flash $ / 1k chars | C10: 0.05 | D10: USD | E10: Self-serve creator tier May 2026
A11: 10 | B11: Avg voiceover chars per episode | C11: 1500 | D11: chars | E11: Three-beat 35–55 s episode
A12: 11 | B12: Flux Schnell $ / image (Replicate) | C12: 0.003 | D12: USD | E12: Optional thumbnails / inserts
A13: 12 | B13: Avg images per episode | C13: 1 | D13: img
A14: 13 | B14: Sora subscription $ / month | C14: 0 | D14: USD | E14: Already paid — sunk cost
A15: 14 | B15: Music sub $ / month (Epidemic) | C15: 15 | D15: USD | E15: Or zero if YT Audio Library only
A16: 15 | B16: n8n cloud $ / month | C16: 20 | D16: USD | E16: Zero if self-hosting
A17: 16 | B17: Hosting (droplet for cron etc.) | C17: 6 | D17: USD | E17: Optional
B19: Production plan
A20: 19 | B20: Episodes per series per week | C20: 2 | D20: eps | E20: Per-series cadence
A21: 20 | B21: Active series count | C21: 4 | D21: series | E21: Drops to 2 after Day 30 kill
A22: 21 | B22: Weeks per month (rolling) | C22: 4.33 | D22: weeks | E22: 52 ÷ 12
A23: 22 | B23: Voiceover takes per episode | C23: 1 | D23: take | E23: Bump to 2 for top series after Day 30
A24: 23 | B24: Hook variants per episode (A/B/C) | C24: 3 | D24: variants | E24: 3 short re-edits at 0–3 s
B26: Marketing
A27: 26 | B27: Paid-boost budget per push | C27: 50 | D27: USD | E27: Default = 0 until Day 30
A28: 27 | B28: Boosts per month | C28: 0 | D28: boosts | E28: Owner approves each push
A29: 28 | B29: Comment-seed labor (auto) | C29: 0 | D29: USD | E29: Auto-generated by Haiku

Sheet PerEpisode
A1: Cost line | B1: S1 LAST SIGNAL | C1: S2 ECHOES | D1: S3 2099 | E1: S4 UNSENT | F1: Studio avg
A2: Sonnet script tokens IN ($) | B2: ==Inputs!C7/1000000*Inputs!C3 | C2: ==Inputs!C7/1000000*Inputs!C3 | D2: ==Inputs!C7/1000000*Inputs!C3 | E2: ==Inputs!C7/1000000*Inputs!C3 | F2: =AVERAGE(B2:E2)
A3: Sonnet script tokens OUT ($) | B3: ==Inputs!C8/1000000*Inputs!C4 | C3: ==Inputs!C8/1000000*Inputs!C4 | D3: ==Inputs!C8/1000000*Inputs!C4 | E3: ==Inputs!C8/1000000*Inputs!C4 | F3: =AVERAGE(B3:E3)
A4: Haiku ancillary tokens ($) | B4: ==Inputs!C9/1000000*((Inputs!C5+Inputs!C6)/2) | C4: ==Inputs!C9/1000000*((Inputs!C5+Inputs!C6)/2) | D4: ==Inputs!C9/1000000*((Inputs!C5+Inputs!C6)/2) | E4: ==Inputs!C9/1000000*((Inputs!C5+Inputs!C6)/2) | F4: =AVERAGE(B4:E4)
A5: Voiceover ($) | B5: ==Inputs!C11*Inputs!C23/1000*Inputs!C10 | C5: ==Inputs!C11*Inputs!C23/1000*Inputs!C10 | D5: ==Inputs!C11*Inputs!C23/1000*Inputs!C10 | E5: ==Inputs!C11*Inputs!C23/1000*Inputs!C10 | F5: =AVERAGE(B5:E5)
A6: Sora hero clips ($) | B6: ==Inputs!C14/(4*2*Inputs!C22) | C6: ==Inputs!C14/(4*2*Inputs!C22) | D6: ==Inputs!C14/(4*2*Inputs!C22) | E6: ==Inputs!C14/(4*2*Inputs!C22) | F6: =AVERAGE(B6:E6)
A7: Images / inserts ($) | B7: ==Inputs!C13*Inputs!C12 | C7: ==Inputs!C13*Inputs!C12 | D7: ==Inputs!C13*Inputs!C12 | E7: ==Inputs!C13*Inputs!C12 | F7: =AVERAGE(B7:E7)
A8: Sub-total raw cost ($) | B8: =SUM(B2:B7) | C8: =SUM(C2:C7) | D8: =SUM(D2:D7) | E8: =SUM(E2:E7) | F8: =AVERAGE(B8:E8)
A9: Series complexity multiplier | B9: 1.2 | C9: 0.9 | D9: 1.1 | E9: 0.7
A10: All-in cost / episode ($) | B10: =B8*B9 | C10: =C8*C9 | D10: =D8*D9 | E10: =E8*E9 | F10: =AVERAGE(B10:E10)

Sheet Weekly
A1: Item | B1: Mon | C1: Tue | D1: Wed | E1: Thu | F1: Fri | G1: Sat | H1: Total
A2: Episodes produced | B2: 0 | C2: 2 | D2: 2 | E2: 2 | F2: 2 | G2: 0 | H2: =SUM(B2:G2)
A3: Episode list | B3: — | C3: S1E01, S2E01 | D3: S3E01, S4E01 | E3: S1E02, S2E02 | F3: S3E02, S4E02 | G3: —
A4: Production $ | B4: 0 | C4: =PerEpisode!B11+PerEpisode!C11 | D4: =PerEpisode!D11+PerEpisode!E11 | E4: =PerEpisode!B11+PerEpisode!C11 | F4: =PerEpisode!D11+PerEpisode!E11 | G4: 0 | H4: =SUM(B4:G4)
A6: Fixed weekly costs
A7: Music sub (allocated) | H7: =Inputs!C15/Inputs!C22
A8: n8n cloud (allocated) | H8: =Inputs!C16/Inputs!C22
A9: Hosting (allocated) | H9: =Inputs!C17/Inputs!C22
A10: Fixed sub-total | H10: =SUM(H7:H9)
A12: WEEK PRODUCTION TOTAL | H12: =H4+H10
A14: Marketing (per push)
A15: Boost amount (default) | H15: =Inputs!C27
A16: Boosts approved this week | H16: 0
A17: WEEK MARKETING TOTAL | H17: =H15*H16
A19: GRAND TOTAL (Production + Marketing) | H19: =H12+H17

Sheet Monthly
A1: Line | B1: Base (4 series) | C1: Scale (top 2 ×2) | D1: Kill-low (2 series)
A2: Active series | B2: 4 | C2: 2 | D2: 2
A3: Episodes per series / week | B3: 2 | C3: 4 | D3: 2
A4: Episodes / month | B4: =B2*B3*Inputs!C22 | C4: =C2*C3*Inputs!C22 | D4: =D2*D3*Inputs!C22
A5: Avg cost per episode (studio) | B5: =PerEpisode!F11 | C5: =PerEpisode!F11 | D5: =PerEpisode!F11
A6: Variable production / month | B6: =B4*B5 | C6: =C4*C5 | D6: =D4*D5
A7: Fixed costs (Music + n8n + Hosting) | B7: =Inputs!C15+Inputs!C16+Inputs!C17 | C7: =Inputs!C15+Inputs!C16+Inputs!C17 | D7: =Inputs!C15+Inputs!C16+Inputs!C17
A8: Paid boosts (allowance) | B8: 0 | C8: 200 | D8: 100
A9: TOTAL MONTHLY $ | B9: =SUM(B6:B8) | C9: =SUM(C6:C8) | D9: =SUM(D6:D8)

Sheet Scenarios
A1: What-if scenario | B1: Cost / episode | C1: Δ vs base
A2: Base case (current inputs) | B2: =PerEpisode!F11 | C2: =B2-B2
A3: Token prices +50% (provider raise) | B3: =B2 + 0.5*((Inputs!C7/1000000*Inputs!C3)+(Inputs!C8/1000000*Inputs!C4)+(Inputs!C9/1000000*(Inputs!C5+Inputs!C6)/2)) | C3: =B3-B2
A4: Voiceover ×2 takes (quality push) | B4: =B2+(Inputs!C11/1000*Inputs!C10) | C4: =B4-B2
A5: Sora replaced by Kling 1.6 ($0.20/clip) | B5: =B2 + 6*0.20 | C5: =B5-B2
A6: All-Haiku scripts (no Sonnet) | B6: =B2 - (Inputs!C7/1000000*Inputs!C3) - (Inputs!C8/1000000*Inputs!C4) + (Inputs!C7/1000000*Inputs!C5) + (Inputs!C8/1000000*Inputs!C6) | C6: =B6-B2
A7: 5-day prompt-cache hits (save 50% IN tokens) | B7: =B2 - 0.5*(Inputs!C7/1000000*Inputs!C3) | C7: =B7-B2

Sheet KPIs
A1: KPI | B1: Day 30 | C1: Day 60 | D1: Day 90
A2: Episodes shipped | B2: 32 | C2: 64 | D2: 96
A3: Avg watch-through % | B3: 0.55 | C3: 0.6 | D3: 0.65
A4: Hook retention (3s) % | B4: 0.75 | C4: 0.8 | D4: 0.82
A5: Median views / ep | B5: 2500 | C5: 8000 | D5: 15000
A6: Followers (studio total) | B6: 5000 | C6: 25000 | D6: 80000
A7: Estimated reach (views/mo) | B7: 250000 | C7: 1500000 | D7: 5000000
A8: Cost / 1k views (studio) | B8: =Monthly!B9/(B6/1000) | C8: =Monthly!B9/(C6/1000) | D8: =Monthly!B9/(D6/1000)
A9: Break-even CPM needed | B9: =B8 | C9: =C8 | D9: =D8
